{
  "truth": {
    "density": {
      "min": 0.007009212476503859,
      "median": 0.144681059002009,
      "mean": 0.7342389764760358,
      "max": 6456.526674761452
    },
    "X_HI": {
      "min": 7.579465549566779e-11,
      "median": 6.025556505566353e-07,
      "mean": 8.123800628033692e-07,
      "max": 0.0002283540347469871
    },
    "n_HI": {
      "min": 8.79148877650251e-12,
      "median": 8.362639845866974e-08,
      "mean": 1.5271814140676446e-06,
      "max": 0.04127080791269069
    },
    "n_HI_lt_1e9_frac": 0.0039844512939453125
  },
  "fgpa_tail_tier1_pred": {
    "density": {
      "min": 68.34376525878906,
      "median": 71.51607513427734,
      "mean": 71.5032730102539,
      "max": 74.66461944580078
    },
    "X_HI": {
      "min": 2.111079083988443e-05,
      "median": 3.306594226160087e-05,
      "mean": 3.327769445604645e-05,
      "max": 5.226727080298588e-05
    },
    "n_HI": {
      "min": 0.0015760940732434392,
      "median": 0.0023647285997867584,
      "mean": 0.0023773659486323595,
      "max": 0.0035736330319195986
    },
    "n_HI_lt_1e9_frac": 0.0
  },
  "collapse_ratio_med": {
    "density": 494.3015735963357,
    "X_HI": 54.87616327397288,
    "n_HI": 28277.298118434053
  }
}