{
  "item6": {
    "hann": 0.4644356425379298,
    "rectangular": 0.5352274072440184,
    "blackman": 0.45619922794047235
  },
  "item8": {
    "beta_emp": 1.6700552577574093,
    "gamma_emp": -0.4057596260223593,
    "scatter_dex": 0.1387757778295191,
    "n_voxels": 7582202
  },
  "item2": {
    "pubt1_P1": {
      "N": 25,
      "alpha_log": -0.12418610262546068,
      "amp_ratio": 0.7513008797311987,
      "pearson": 0.775478424966419,
      "rss_h0": 1.275904715706923,
      "rss_h1": 1.0808776230854384,
      "F_stat": 4.149982416593684
    },
    "sataware_P1": {
      "N": 25,
      "alpha_log": -0.3989432512197783,
      "amp_ratio": 0.39907704591206034,
      "pearson": 0.8591710146912594,
      "rss_h0": 0.47993148352149717,
      "rss_h1": 0.4175773443486574,
      "F_stat": 3.4344420749461713
    }
  }
}