{
  "purpose": "s2 gate-FAIL diagnostic (spec S(b): 'may run to 200 steps as diagnostic; the gate reads at 50') \u2014 NO retuning; the 50-step FAIL verdict in s2_overfit_record.json stands",
  "session_utc": "2026-07-24",
  "device": "mps",
  "config_identical_to_s2": true,
  "target_stats": {
    "var_target_batch": 0.2726343870162964,
    "var_target_per_example": [
      0.2688193917274475,
      0.2717663049697876
    ],
    "mean_target_per_example": [
      -0.6144902110099792,
      -0.5177105665206909
    ],
    "mse_of_predicting_batch_mean": 0.2726343870162964,
    "mse_of_predicting_per_example_mean": 0.27029284834861755
  },
  "losses_0_to_200": [
    0.8377434611320496,
    0.8273001909255981,
    0.3098316192626953,
    0.2728344202041626,
    0.2602187395095825,
    0.25399428606033325,
    0.25235220789909363,
    0.2490077018737793,
    0.2442636638879776,
    0.24081194400787354,
    0.239084854722023,
    0.2360668182373047,
    0.2345299869775772,
    0.23293626308441162,
    0.23047778010368347,
    0.22838877141475677,
    0.22699321806430817,
    0.2260594666004181,
    0.22521385550498962,
    0.22406187653541565,
    0.22322973608970642,
    0.22317616641521454,
    0.22235798835754395,
    0.22096136212348938,
    0.22027647495269775,
    0.21983091533184052,
    0.21902060508728027,
    0.2180771827697754,
    0.21771815419197083,
    0.21740750968456268,
    0.21655836701393127,
    0.2160303294658661,
    0.21573880314826965,
    0.21528799831867218,
    0.21458645164966583,
    0.21407252550125122,
    0.21352285146713257,
    0.21294426918029785,
    0.21241550147533417,
    0.2118288278579712,
    0.21127556264400482,
    0.21073408424854279,
    0.21052849292755127,
    0.21000434458255768,
    0.2095620036125183,
    0.20900993049144745,
    0.20867851376533508,
    0.2080954909324646,
    0.20737023651599884,
    0.20704638957977295,
    0.2068294882774353,
    0.20624518394470215,
    0.20537137985229492,
    0.20517122745513916,
    0.2047024369239807,
    0.20384210348129272,
    0.20348337292671204,
    0.20406001806259155,
    0.2043333649635315,
    0.2045256495475769,
    0.20430245995521545,
    0.20403006672859192,
    0.20362094044685364,
    0.20299817621707916,
    0.2026216685771942,
    0.20211684703826904,
    0.20162752270698547,
    0.2035089135169983,
    0.21190832555294037,
    0.20206144452095032,
    0.20897236466407776,
    0.20166140794754028,
    0.20419371128082275,
    0.2026410549879074,
    0.20058944821357727,
    0.20291844010353088,
    0.19896036386489868,
    0.20055577158927917,
    0.19986523687839508,
    0.19834713637828827,
    0.1989223212003708,
    0.19710348546504974,
    0.197592630982399,
    0.19662036001682281,
    0.19587597250938416,
    0.19541186094284058,
    0.19461001455783844,
    0.1944051831960678,
    0.19433829188346863,
    0.19261124730110168,
    0.19313329458236694,
    0.19212695956230164,
    0.1927466094493866,
    0.1917995810508728,
    0.19114646315574646,
    0.19043980538845062,
    0.18817776441574097,
    0.18839699029922485,
    0.18745729327201843,
    0.18749091029167175,
    0.18712830543518066,
    0.19050532579421997,
    0.18792724609375,
    0.18694448471069336,
    0.18627625703811646,
    0.18759484589099884,
    0.18402273952960968,
    0.1823369562625885,
    0.18366040289402008,
    0.183150053024292,
    0.18162451684474945,
    0.18062391877174377,
    0.1825275421142578,
    0.18186207115650177,
    0.1790919303894043,
    0.18096071481704712,
    0.1777047961950302,
    0.17767438292503357,
    0.17732417583465576,
    0.1790255308151245,
    0.18090741336345673,
    0.1767481565475464,
    0.178064227104187,
    0.17507143318653107,
    0.17474111914634705,
    0.17341086268424988,
    0.1716683804988861,
    0.17099535465240479,
    0.1704578697681427,
    0.16814208030700684,
    0.1692320704460144,
    0.16867154836654663,
    0.16822415590286255,
    0.1658029854297638,
    0.16580870747566223,
    0.16552132368087769,
    0.1648123860359192,
    0.16490811109542847,
    0.1655517816543579,
    0.16363373398780823,
    0.16156163811683655,
    0.16044144332408905,
    0.16322308778762817,
    0.16152319312095642,
    0.15939727425575256,
    0.15887042880058289,
    0.15676909685134888,
    0.15792712569236755,
    0.1607273817062378,
    0.15848945081233978,
    0.15776363015174866,
    0.1554713249206543,
    0.15611964464187622,
    0.1571354866027832,
    0.15566658973693848,
    0.1522098332643509,
    0.15255296230316162,
    0.14935290813446045,
    0.1498505175113678,
    0.14721503853797913,
    0.14696764945983887,
    0.14623193442821503,
    0.1457788050174713,
    0.14576557278633118,
    0.14957256615161896,
    0.14714744687080383,
    0.1455720216035843,
    0.14638319611549377,
    0.144257590174675,
    0.1433437168598175,
    0.14209295809268951,
    0.13900451362133026,
    0.13855144381523132,
    0.1371133029460907,
    0.13663403689861298,
    0.1348372995853424,
    0.13453364372253418,
    0.13423322141170502,
    0.1352427899837494,
    0.13484817743301392,
    0.13183051347732544,
    0.13026635348796844,
    0.12910006940364838,
    0.1296759694814682,
    0.1288689821958542,
    0.12745052576065063,
    0.13116206228733063,
    0.12929673492908478,
    0.12528720498085022,
    0.12467744946479797,
    0.12268363684415817,
    0.1231624186038971,
    0.12059187889099121,
    0.12245598435401917,
    0.12142542004585266,
    0.11955800652503967,
    0.11682789027690887,
    0.11682097613811493,
    0.11584536731243134,
    0.11543139815330505,
    0.1129344180226326
  ],
  "checkpoints": {
    "0": 0.8377434611320496,
    "10": 0.239084854722023,
    "25": 0.21983091533184052,
    "50": 0.2068294882774353,
    "100": 0.18712830543518066,
    "150": 0.15776363015174866,
    "200": 0.1129344180226326
  },
  "ratio_50": 0.2468888124748177,
  "ratio_100": 0.22337184844428706,
  "ratio_200": 0.13480787766462946,
  "gate_threshold": 0.1,
  "wall_clock_s": 294.2578649520874
}