{
  "W1-E-step5k": {
    "P_F": 0.5584103884885459,
    "KS": 0.08415605151516509,
    "mean_F_pred_used": 0.9611530303955078
  },
  "W1-E-step15k": {
    "P_F": 0.4715734200436625,
    "KS": 0.04903895679946324,
    "mean_F_pred_used": 0.9641819000244141
  },
  "W1-E-step25k": {
    "P_F": 0.4132417976579491,
    "KS": 0.03244805927198474,
    "mean_F_pred_used": 0.9668267965316772
  },
  "W1-E-step50k": {
    "P_F": 0.4155053062248997,
    "KS": 0.03252944369451872,
    "mean_F_pred_used": 0.9666049480438232
  }
}