{
  "retire_reason": "R-b:pf_pred_variance_collapse",
  "step": 200,
  "loss_total": 0.034206079046518276,
  "loss_tau": 0.022025974467396736,
  "loss_pf": 168.64846801757812,
  "inertial_rel_residual": 0.9998089214030529,
  "var_F_ratio": 0.0060794697754305,
  "var_pf_band_ratio": 6.920387430363603e-07,
  "coh_median": 0.010607704520225525,
  "n_coh_above_0p5": 0,
  "w_tau": 1.1982780694961548,
  "w_pf": 0.8017218708992004,
  "w_ratio": 1.4946306943893433,
  "mlflow_run_id": null
}