{
  "purpose": "B6 K1 cross-pair collinearity of TRUE difference maps + K3 true-D SNR(sigma). If off-diagonal r_s >= 0.7 the 3 difference maps are ~1 scaled direction (not a latent).",
  "box_mpc_h": 60.0,
  "measurements": {
    "sigma1": {
      "cross_pair_r_s": {
        "P2-P2": 0.9999999999999998,
        "P2-P3": 0.8228925445901507,
        "P2-P4": 0.7031228177765043,
        "P3-P2": 0.8228925445901507,
        "P3-P3": 1.0000000000000002,
        "P3-P4": 0.7309315250334317,
        "P4-P2": 0.7031228177765043,
        "P4-P3": 0.7309315250334317,
        "P4-P4": 1.0000000000000002
      },
      "offdiag_min": 0.7031228177765043,
      "offdiag_max": 0.8228925445901507,
      "true_D_std": {
        "P2": 0.017053021355566286,
        "P3": 0.04745832722399555,
        "P4": 0.1681735522646967
      }
    },
    "sigma2": {
      "cross_pair_r_s": {
        "P2-P2": 1.0,
        "P2-P3": 0.873912695602308,
        "P2-P4": 0.8734368595178386,
        "P3-P2": 0.873912695602308,
        "P3-P3": 0.9999999999999993,
        "P3-P4": 0.9180655176384528,
        "P4-P2": 0.8734368595178386,
        "P4-P3": 0.9180655176384528,
        "P4-P4": 1.0
      },
      "offdiag_min": 0.8734368595178386,
      "offdiag_max": 0.9180655176384528,
      "true_D_std": {
        "P2": 0.011232453627140522,
        "P3": 0.02932554805672841,
        "P4": 0.12629085585367406
      }
    },
    "sigma4": {
      "cross_pair_r_s": {
        "P2-P2": 1.0,
        "P2-P3": 0.9110319965586022,
        "P2-P4": 0.9348700892656344,
        "P3-P2": 0.9110319965586022,
        "P3-P3": 0.9999999999999992,
        "P3-P4": 0.962622913129503,
        "P4-P2": 0.9348700892656344,
        "P4-P3": 0.962622913129503,
        "P4-P4": 1.0000000000000002
      },
      "offdiag_min": 0.9110319965586022,
      "offdiag_max": 0.962622913129503,
      "true_D_std": {
        "P2": 0.006268650978166332,
        "P3": 0.016225957010336016,
        "P4": 0.07800576631462519
      }
    }
  },
  "svd_sigma2_normalized_diffs": {
    "singular_values": [
      1.4389605755820705,
      0.9600315894200329,
      0.08793070701523453
    ],
    "energy_in_top1": 0.6902025126931526,
    "interpretation": "top1 energy ~1 => 3 diffs collinear (1 direction); spread => independent directions"
  }
}