{
  "run_id": "87dcf9e63564465489f770266fcec197",
  "ckpt_path": "cloud_runs/sat-aware-smoke-step10k.pt",
  "physics_id": 1,
  "redshift": 0.3,
  "n_rays": 1024,
  "eval_seed": 42,
  "n_kbins": 20,
  "pf_band_s_per_km": [
    0.0031622776601683794,
    0.03162277660168379
  ],
  "k_axis": [
    0.001122018454301963,
    0.0014125375446227555,
    0.0017782794100389228,
    0.0022387211385683377,
    0.002818382931264455,
    0.0035481338923357532,
    0.004466835921509635,
    0.005623413251903491,
    0.0070794578438413735,
    0.008912509381337459,
    0.011220184543019636,
    0.014125375446227547,
    0.01778279410038923,
    0.0223872113856834,
    0.02818382931264455,
    0.03548133892335755,
    0.04466835921509633,
    0.05623413251903491,
    0.0707945784384138,
    0.08912509381337459
  ],
  "P_truth": [
    1.7311696535407903,
    NaN,
    NaN,
    2.0909892224598114,
    NaN,
    1.989488584767759,
    1.741566359521933,
    1.6747471313145197,
    1.6170502718922373,
    1.4638458858809904,
    1.2574228958555687,
    1.1558381097628914,
    0.9567288643821155,
    0.7823426127253753,
    0.5959316359971801,
    0.4154009932368861,
    0.26811218255132424,
    0.14886173336491487,
    0.07434277913703068,
    0.032392429811471043
  ],
  "P_pred": [
    1.999818202168364,
    NaN,
    NaN,
    1.8256378542499179,
    NaN,
    0.8869897349424736,
    0.9003742196597914,
    0.5447708094331442,
    0.4176335141863055,
    0.9878124476819503,
    0.589140268088558,
    0.42973259858980595,
    0.5330322873350786,
    0.26867286511884514,
    0.19709216747102784,
    0.07836607644020215,
    0.04342904340910209,
    0.021928836211892358,
    0.011249064787223257,
    0.005310901666676625
  ],
  "P_pred_over_P_truth": [
    1.1551832589475572,
    NaN,
    NaN,
    0.8730976872765811,
    NaN,
    0.4458380619690841,
    0.5169910493143355,
    0.32528541130000327,
    0.2582687263628482,
    0.6748063147968971,
    0.4685299353386583,
    0.37179306942731044,
    0.5571403844696659,
    0.3434209779049285,
    0.33072949238754706,
    0.1886516347242174,
    0.16198086560571917,
    0.147310095860141,
    0.15131348219426485,
    0.16395502583742236
  ],
  "rel_diff_per_bin": [
    0.15518325894755733,
    NaN,
    NaN,
    -0.12690231272341893,
    NaN,
    -0.5541619380309158,
    -0.4830089506856646,
    -0.6747145886999967,
    -0.7417312736371519,
    -0.3251936852031029,
    -0.5314700646613417,
    -0.6282069305726895,
    -0.4428596155303342,
    -0.6565790220950715,
    -0.6692705076124529,
    -0.8113483652757826,
    -0.8380191343942809,
    -0.8526899041398591,
    -0.8486865178057351,
    -0.8360449741625777
  ],
  "in_band_mask": [
    false,
    false,
    false,
    false,
    false,
    true,
    true,
    true,
    true,
    true,
    true,
    true,
    true,
    true,
    true,
    false,
    false,
    false,
    false,
    false
  ],
  "diagnostics": {
    "log10_std_pred_in_band": 0.2161401921473702,
    "log10_std_truth_in_band": 0.1594843421668013,
    "band_ratio_mean": 0.42928034232712786,
    "band_ratio_std": 0.12107347182092874,
    "pearson_log_in_band": 0.834617053552296,
    "mean_abs_rel_diff_in_band": 0.5707196576728721
  },
  "hypothesis_c_verdict": "REFUTED-strict-C: shape preserved (pearson>0.7) but amplitude suppressed; degeneracy is scale-distortion, not constant-collapse"
}