{
  "P1": {
    "log_std_pred": 0.3171697344378225,
    "log_std_truth": 0.1594843421668013,
    "ratio_mean": 0.9801987710092395,
    "ratio_std": 0.46023657919267347,
    "pearson_log": 0.8064461720117067
  },
  "P2": {
    "log_std_pred": 0.33817748150240556,
    "log_std_truth": 0.1857545702109771,
    "ratio_mean": 0.973238389432703,
    "ratio_std": 0.42241287057827953,
    "pearson_log": 0.8718970143620127
  },
  "P3": {
    "log_std_pred": 0.3258183548107762,
    "log_std_truth": 0.19340217941707397,
    "ratio_mean": 0.7418891048906101,
    "ratio_std": 0.3058098462580135,
    "pearson_log": 0.8933535102611893
  },
  "P4": {
    "log_std_pred": 0.3073527282273748,
    "log_std_truth": 0.16331929044059762,
    "ratio_mean": 0.790784580360972,
    "ratio_std": 0.33810025259036214,
    "pearson_log": 0.8658973100858329
  }
}