{
  "task": "C",
  "reframe_origin": "[D-39] PASS_T1_pub FAIL; Wrinkle-1 final ruling (2026-05-10) \u2014 (c)-rescale-vs-trained intrinsic divergence is the residually-supported mechanism. This driver documents the per-cell footprint of (c) across the pub-t1 P1-P4 checkpoint family.",
  "anchor_target_mean_flux": 0.979,
  "n_rays_eval": 1024,
  "eval_seed": 42,
  "cells": [
    {
      "label": "P1",
      "physics_id": 1,
      "redshift": 0.3,
      "ckpt_path": "D:\\Data\\sujin\\CosmoGasVision\\cloud_runs\\pub-t1-extracted\\P1-N64-S0-1778430089-7f65fe\\checkpoints\\step_050000.pt",
      "run_id": "31acdf9d900e447081e6d051f7d42c0e",
      "eval_seed": 42,
      "n_rays_eval": 1024,
      "target_mean_flux": 0.979,
      "mean_F_pred_asis": 0.9666049480438232,
      "rescale_r": 1.012823286267323,
      "mean_F_rescaled": 0.9718214908788264,
      "P_F_asis": 0.4155053062248997,
      "P_F_rescaled": 0.40234744701091996,
      "delta_P_F_asis_minus_rescaled": 0.013157859213979717,
      "KS_asis": 0.03252944369451872,
      "KS_rescaled": 0.05492944766140473,
      "delta_KS_asis_minus_rescaled": -0.02240000396688601,
      "median_r_rho_log_asis": 0.031187217602497062,
      "median_r_rho_log_rescaled": 0.031187217602497062,
      "median_r_rho_log_drift": 0.0
    },
    {
      "label": "P2",
      "physics_id": 2,
      "redshift": 0.3,
      "ckpt_path": "D:\\Data\\sujin\\CosmoGasVision\\cloud_runs\\pub-t1-extracted\\P2-N64-S0-1778430089-0f7fc8\\checkpoints\\step_050000.pt",
      "run_id": "f7fafa2320164a9cb7c9c29fad74474d",
      "eval_seed": 42,
      "n_rays_eval": 1024,
      "target_mean_flux": 0.979,
      "mean_F_pred_asis": 0.969569206237793,
      "rescale_r": 1.0097267876305613,
      "mean_F_rescaled": 0.9717162444101894,
      "P_F_asis": 0.37572397536697755,
      "P_F_rescaled": 0.37006802386101567,
      "delta_P_F_asis_minus_rescaled": 0.005655951505961876,
      "KS_asis": 0.07421533106930767,
      "KS_rescaled": 0.09191552291205674,
      "delta_KS_asis_minus_rescaled": -0.01770019184274907,
      "median_r_rho_log_asis": 0.015018093126728818,
      "median_r_rho_log_rescaled": 0.015018093126728818,
      "median_r_rho_log_drift": 0.0
    },
    {
      "label": "P3",
      "physics_id": 3,
      "redshift": 0.3,
      "ckpt_path": "D:\\Data\\sujin\\CosmoGasVision\\cloud_runs\\pub-t1-extracted\\P3-N64-S0-1778430089-b9dad4\\checkpoints\\step_050000.pt",
      "run_id": "62aeb93aacd44cb0aeca5b51f802a352",
      "eval_seed": 42,
      "n_rays_eval": 1024,
      "target_mean_flux": 0.979,
      "mean_F_pred_asis": 0.9716829061508179,
      "rescale_r": 1.0075303309370418,
      "mean_F_rescaled": 0.9740492386319353,
      "P_F_asis": 0.35911081950227797,
      "P_F_rescaled": 0.35607550934924326,
      "delta_P_F_asis_minus_rescaled": 0.0030353101530347093,
      "KS_asis": 0.040751210660615156,
      "KS_rescaled": 0.056084488396989096,
      "delta_KS_asis_minus_rescaled": -0.01533327773637394,
      "median_r_rho_log_asis": 0.03260348789677358,
      "median_r_rho_log_rescaled": 0.03260348789677358,
      "median_r_rho_log_drift": 0.0
    },
    {
      "label": "P4",
      "physics_id": 4,
      "redshift": 0.3,
      "ckpt_path": "D:\\Data\\sujin\\CosmoGasVision\\cloud_runs\\pub-t1-extracted\\P4-N64-S0-1778430089-b18fc5\\checkpoints\\step_050000.pt",
      "run_id": "fc3817b3b3114cae8b134800aedf20e1",
      "eval_seed": 42,
      "n_rays_eval": 1024,
      "target_mean_flux": 0.979,
      "mean_F_pred_asis": 0.9731616377830505,
      "rescale_r": 1.0059993756332708,
      "mean_F_rescaled": 0.9771596281136921,
      "P_F_asis": 0.3612930028571455,
      "P_F_rescaled": 0.35977690672244894,
      "delta_P_F_asis_minus_rescaled": 0.001516096134696554,
      "KS_asis": 0.0388745260460963,
      "KS_rescaled": 0.034700755706275614,
      "delta_KS_asis_minus_rescaled": 0.004173770339820686,
      "median_r_rho_log_asis": 0.03228818953027286,
      "median_r_rho_log_rescaled": 0.03228818953027286,
      "median_r_rho_log_drift": 0.0
    }
  ]
}