{
  "run_id": "d46_smoke_1778675261",
  "spec": "[D-46] 50-step P-mixed host smoke per LEDGER \u00a73 [D-46] Smoke-gate spec",
  "timestamp_utc": "2026-05-13T12:35:18.076255+00:00",
  "steps_completed": 50,
  "training_seconds": 196.5784363999992,
  "model_params": 498244,
  "hidden_dim": 256,
  "n_rays_pooled": 1024,
  "microbatch": 64,
  "seed": 0,
  "loss_history": [
    0.02668881230056286,
    0.025684716179966927,
    0.02385818213224411,
    0.01889556273818016,
    0.021325476467609406,
    0.01391848549246788,
    0.02356094866991043,
    0.01609128713607788,
    0.014433649368584156,
    0.013431730680167675,
    0.012157727964222431,
    0.011913814581930637,
    0.01089525781571865,
    0.016359053552150726,
    0.02795923501253128,
    0.016182877123355865,
    0.01297840103507042,
    0.009403711184859276,
    0.015196677297353745,
    0.009064823389053345,
    0.02543308585882187,
    0.017762746661901474,
    0.009099707007408142,
    0.012850165367126465,
    0.013961631804704666,
    0.025088705122470856,
    0.016143281012773514,
    0.015730034559965134,
    0.018323780968785286,
    0.031344860792160034,
    0.010857566259801388,
    0.02254687063395977,
    0.013673968613147736,
    0.015073314309120178,
    0.019641052931547165,
    0.021251393482089043,
    0.022493857890367508,
    0.016353493556380272,
    0.01941191963851452,
    0.012728932313621044,
    0.015468510799109936,
    0.016772545874118805,
    0.013299890793859959,
    0.01583212986588478,
    0.017581164836883545,
    0.011925210244953632,
    0.014296144247055054,
    0.010017749853432178,
    0.013644338585436344,
    0.013479930348694324
  ],
  "final_tau_amp": 0.9907260537147522,
  "gates": {
    "gate_1_no_nan_inf": {
      "pass": true
    },
    "gate_2_loss_descent": {
      "pass": false,
      "threshold": "loss(50)/loss(10) < 0.85",
      "observed_ratio": 1.0035884927768703,
      "observed_loss_ref": 0.013431730680167675,
      "observed_loss_end": 0.013479930348694324
    },
    "gate_3_mean_F_window": {
      "pass": false,
      "threshold": "per-physics mean_F in [0.5, 0.99] AND |mean_F - 1| > 0.001",
      "observed_per_physics": [
        1.0,
        1.0,
        1.0,
        1.0
      ],
      "observed_overall": 1.0
    },
    "gate_4_tau_amp_window": {
      "pass": true,
      "threshold": "tau_amp in [0.5, 2.0]",
      "observed": 0.9907260537147522
    },
    "gate_5_density_spread": {
      "pass": false,
      "threshold": "density_spread >= 1.45 per physics",
      "observed_spread_per_physics": [
        6.367317765210156e-05,
        7.547960120229957e-06,
        0.00019961799819867565,
        8.92348983474664e-07
      ],
      "observed_min_per_physics": [
        8.447332833227961e-10,
        1.7196891133330894e-10,
        4.825658095342078e-09,
        1.7034049518138694e-11
      ],
      "observed_max_per_physics": [
        6.367402238538489e-05,
        7.548132089141291e-06,
        0.000199622823856771,
        8.923660175241821e-07
      ]
    },
    "gate_6_xhi_spread": {
      "pass": true,
      "threshold": "X_HI spread >= 6e-05 per physics",
      "observed_spread_per_physics": [
        0.003490230489660462,
        0.001012219731364894,
        0.00676296691835887,
        0.0002913196908593818
      ],
      "observed_min_per_physics": [
        5.115333806315903e-06,
        2.0337424757599365e-06,
        1.403090118401451e-05,
        5.30232227902161e-07
      ],
      "observed_max_per_physics": [
        0.003495345823466778,
        0.001014253473840654,
        0.006776997819542885,
        0.00029184992308728397
      ]
    },
    "gate_7_embedding_nondegeneracy": {
      "pass": true,
      "threshold": "max pairwise L2 > 0.1",
      "observed_max": 7.045214653015137,
      "observed_pairwise": [
        {
          "p_i": 0,
          "p_j": 1,
          "l2": 5.166106224060059
        },
        {
          "p_i": 0,
          "p_j": 2,
          "l2": 5.003330707550049
        },
        {
          "p_i": 0,
          "p_j": 3,
          "l2": 6.141312122344971
        },
        {
          "p_i": 1,
          "p_j": 2,
          "l2": 4.599832057952881
        },
        {
          "p_i": 1,
          "p_j": 3,
          "l2": 7.045214653015137
        },
        {
          "p_i": 2,
          "p_j": 3,
          "l2": 6.932199478149414
        }
      ]
    }
  },
  "overall_pass": false
}